brand,model,vehicleType,gearbox,fuelType,notRepairedDamage,powerPS,kilometer,yearOfRegistration,monthOfRegistration,dateCreated,lastSeen,postalCode,price
volkswagen,golf,kleinwagen,manuell,benzin,nein,75,150000,2001,6,2016-03-17 00:00:00,2016-03-17 17:40:17,91074,1500
skoda,fabia,kleinwagen,manuell,diesel,nein,69,90000,2008,7,2016-03-31 00:00:00,2016-04-06 10:17:21,60437,3600
bmw,3er,limousine,manuell,benzin,ja,102,150000,1995,10,2016-04-04 00:00:00,2016-04-06 19:17:07,33775,650
peugeot,2_reihe,cabrio,manuell,benzin,nein,109,150000,2004,8,2016-04-01 00:00:00,2016-04-05 18:18:39,67112,2200
mazda,3_reihe,limousine,manuell,benzin,nein,105,150000,2004,12,2016-03-26 00:00:00,2016-04-06 10:45:34,96224,2000
volkswagen,passat,kombi,manuell,diesel,ja,140,150000,2005,12,2016-04-07 00:00:00,2016-04-07 10:25:17,57290,2799
nissan,navara,suv,manuell,diesel,nein,190,70000,2011,3,2016-03-21 00:00:00,2016-04-06 07:45:42,4177,17999
renault,twingo,kleinwagen,automatik,benzin,nein,75,150000,2004,2,2016-03-20 00:00:00,2016-04-06 13:16:07,65599,1750
ford,c_max,bus,manuell,diesel,nein,136,150000,2007,6,2016-03-23 00:00:00,2016-04-05 18:45:11,88361,7550
mercedes_benz,a_klasse,bus,manuell,benzin,nein,102,150000,2004,1,2016-04-01 00:00:00,2016-04-05 22:46:05,49565,1850
volkswagen,scirocco,coupe,manuell,benzin,nein,160,100000,2009,4,2016-04-01 00:00:00,2016-04-05 16:45:49,75365,10400
bmw,5er,limousine,automatik,benzin,nein,231,150000,2002,7,2016-03-27 00:00:00,2016-04-07 06:44:26,68309,3699
seat,arosa,kleinwagen,manuell,benzin,nein,50,150000,1997,5,2016-03-12 00:00:00,2016-03-21 01:46:11,9526,450
mercedes_benz,andere,limousine,manuell,benzin,ja,118,150000,1990,10,2016-03-13 00:00:00,2016-03-13 20:40:49,35390,500
bmw,5er,kombi,automatik,diesel,ja,193,150000,2002,9,2016-03-18 00:00:00,2016-03-18 21:44:09,73765,2500
honda,civic,limousine,manuell,benzin,nein,99,60000,2008,11,2016-03-07 00:00:00,2016-03-26 09:44:53,12621,6900
volkswagen,transporter,bus,manuell,benzin,nein,50,5000,1981,1,2016-03-09 00:00:00,2016-03-10 07:44:33,87471,1990
fiat,punto,kleinwagen,manuell,benzin,nein,60,150000,2003,3,2016-03-08 00:00:00,2016-03-09 11:45:28,86199,690
mercedes_benz,e_klasse,limousine,automatik,diesel,nein,113,150000,1995,1,2016-04-03 00:00:00,2016-04-05 15:16:05,53879,3300
bmw,3er,limousine,automatik,benzin,nein,218,20000,2007,5,2016-03-25 00:00:00,2016-04-07 04:45:21,39179,18000
mercedes_benz,e_klasse,limousine,automatik,diesel,nein,122,150000,2004,11,2016-03-17 00:00:00,2016-03-30 15:46:10,67071,3500
volkswagen,andere,andere,manuell,diesel,nein,129,150000,2002,11,2016-04-01 00:00:00,2016-04-05 12:47:30,10551,11900
mercedes_benz,andere,bus,manuell,diesel,nein,70,150000,1984,8,2016-03-25 00:00:00,2016-03-27 03:17:02,22767,1500
mini,one,limousine,manuell,benzin,nein,95,100000,2007,8,2016-03-13 00:00:00,2016-03-21 17:17:50,59174,6990
renault,clio,kleinwagen,manuell,benzin,nein,75,125000,1999,8,2016-03-29 00:00:00,2016-03-29 18:57:46,84180,590
bmw,1er,limousine,manuell,diesel,nein,177,150000,2007,8,2016-03-15 00:00:00,2016-03-16 16:47:48,53604,7999
bmw,5er,kombi,automatik,benzin,nein,193,150000,1998,2,2016-04-03 00:00:00,2016-04-06 08:16:21,86157,2100
mercedes_benz,b_klasse,bus,automatik,diesel,nein,109,150000,2012,7,2016-04-04 00:00:00,2016-04-05 12:09:29,35576,13500
bmw,andere,coupe,automatik,benzin,nein,306,30000,2014,7,2016-03-21 00:00:00,2016-04-03 23:16:31,10435,39600
smart,fortwo,cabrio,automatik,benzin,nein,61,80000,2006,1,2016-03-22 00:00:00,2016-03-22 17:56:12,12055,3000
volkswagen,golf,limousine,manuell,benzin,nein,101,150000,1998,10,2016-03-31 00:00:00,2016-04-06 03:15:47,39624,1000
audi,a8,limousine,automatik,diesel,ja,232,150000,2004,3,2016-03-25 00:00:00,2016-04-07 01:44:24,71711,7499
skoda,fabia,kleinwagen,manuell,benzin,nein,60,70000,2010,4,2016-03-30 00:00:00,2016-04-07 03:44:51,57076,5500
volkswagen,jetta,limousine,automatik,diesel,nein,105,100000,2006,10,2016-03-08 00:00:00,2016-03-11 17:16:18,6242,7000
bmw,3er,cabrio,manuell,benzin,nein,218,50000,2007,8,2016-03-07 00:00:00,2016-03-15 10:17:59,1129,14999
volkswagen,scirocco,coupe,manuell,benzin,nein,160,150000,2008,8,2016-03-15 00:00:00,2016-04-06 04:17:09,55218,9700
honda,andere,suv,manuell,benzin,nein,105,150000,2000,8,2016-02-09 00:00:00,2016-03-31 16:46:09,85244,2100
ford,fiesta,kleinwagen,manuell,benzin,nein,50,150000,2002,4,2016-03-05 00:00:00,2016-03-11 06:16:00,70327,750
mercedes_benz,c_klasse,kombi,manuell,benzin,nein,156,150000,2008,10,2016-03-22 00:00:00,2016-03-25 09:47:43,83355,7999
volkswagen,golf,limousine,manuell,diesel,nein,105,150000,2006,10,2016-03-31 00:00:00,2016-03-31 18:46:36,41812,6600
nissan,micra,kleinwagen,manuell,benzin,nein,80,40000,2013,4,2016-03-17 00:00:00,2016-04-06 07:44:23,46145,7999
mercedes_benz,vito,andere,manuell,diesel,nein,82,150000,2003,8,2016-03-11 00:00:00,2016-03-11 14:50:52,4668,1400
mercedes_benz,sprinter,bus,manuell,diesel,nein,109,150000,2006,4,2016-03-10 00:00:00,2016-03-12 14:45:39,26382,5000
mercedes_benz,e_klasse,limousine,automatik,diesel,nein,204,80000,2010,12,2016-03-11 00:00:00,2016-04-03 01:26:23,51491,20300
alfa_romeo,156,kombi,manuell,benzin,ja,155,150000,2000,0,2016-04-01 00:00:00,2016-04-05 20:18:14,8396,250
ford,escort,limousine,manuell,benzin,ja,75,100000,1994,6,2016-03-09 00:00:00,2016-04-05 23:44:25,37359,600
mercedes_benz,c_klasse,kombi,manuell,diesel,ja,150,150000,2005,9,2016-03-23 00:00:00,2016-03-23 18:59:37,29221,3300
subaru,forester,kombi,automatik,benzin,nein,122,150000,1997,10,2016-03-12 00:00:00,2016-03-15 06:46:18,87497,1600
mitsubishi,andere,bus,manuell,diesel,nein,87,150000,2001,7,2016-03-13 00:00:00,2016-03-17 13:47:41,24116,1800
ford,fiesta,kleinwagen,manuell,benzin,nein,82,60000,2009,12,2016-03-08 00:00:00,2016-04-05 19:18:01,51065,6800
renault,scenic,bus,manuell,benzin,nein,113,150000,2004,12,2016-03-07 00:00:00,2016-03-09 06:15:31,41836,2990
mercedes_benz,e_klasse,limousine,manuell,diesel,nein,113,150000,1995,4,2016-03-28 00:00:00,2016-04-06 12:15:54,40589,1
audi,a1,kleinwagen,manuell,benzin,nein,86,60000,2013,4,2016-03-10 00:00:00,2016-04-07 01:15:35,31582,14500
volkswagen,passat,limousine,manuell,diesel,nein,131,150000,2003,5,2016-03-25 00:00:00,2016-04-07 00:16:18,30459,3850
bmw,3er,limousine,automatik,diesel,nein,143,40000,2013,6,2016-03-31 00:00:00,2016-04-06 03:44:40,49356,23490
mercedes_benz,a_klasse,kleinwagen,automatik,benzin,nein,102,125000,1999,11,2016-04-01 00:00:00,2016-04-01 12:45:41,12305,1700
ford,focus,kombi,manuell,diesel,nein,109,150000,2006,10,2016-03-27 00:00:00,2016-04-02 11:47:00,74223,1500
hyundai,andere,coupe,automatik,benzin,nein,303,50000,2012,4,2016-03-16 00:00:00,2016-04-06 20:18:22,88167,22999
mercedes_benz,c_klasse,kombi,manuell,diesel,nein,125,150000,1999,7,2016-03-26 00:00:00,2016-03-29 11:44:47,37130,900
audi,tt,coupe,manuell,benzin,ja,224,150000,1999,9,2016-04-02 00:00:00,2016-04-05 19:44:33,61276,3399
volkswagen,passat,kombi,manuell,benzin,nein,101,150000,1997,10,2016-03-23 00:00:00,2016-03-29 04:46:48,4277,1300
bmw,5er,limousine,automatik,diesel,nein,235,100000,2009,3,2016-03-22 00:00:00,2016-03-22 17:44:26,83022,7300
opel,astra,cabrio,manuell,benzin,nein,200,125000,2006,9,2016-03-26 00:00:00,2016-04-06 04:15:35,79761,8599
audi,a6,kombi,automatik,diesel,nein,178,150000,2005,1,2016-03-14 00:00:00,2016-04-06 07:17:00,88131,5900
volkswagen,golf,limousine,manuell,benzin,nein,265,150000,2002,3,2016-03-20 00:00:00,2016-04-07 01:45:06,56759,6300
volkswagen,andere,coupe,manuell,benzin,nein,160,150000,1991,5,2016-04-04 00:00:00,2016-04-06 11:17:02,66111,3500
bmw,3er,limousine,manuell,diesel,ja,163,150000,2006,1,2016-03-09 00:00:00,2016-03-10 14:15:41,63526,5950
honda,jazz,kleinwagen,manuell,benzin,nein,77,150000,2003,8,2016-04-03 00:00:00,2016-04-07 14:57:35,42105,1699
volkswagen,transporter,bus,manuell,benzin,nein,110,150000,1996,8,2016-03-20 00:00:00,2016-03-25 13:45:30,79713,4699
volkswagen,polo,kleinwagen,manuell,benzin,nein,86,40000,2010,5,2016-03-12 00:00:00,2016-03-26 06:17:39,35630,9290
mercedes_benz,slk,limousine,manuell,benzin,nein,120,150000,2003,5,2016-03-18 00:00:00,2016-03-23 08:44:31,57578,7000
renault,twingo,kleinwagen,manuell,benzin,nein,60,150000,2000,5,2016-04-01 00:00:00,2016-04-05 13:44:57,28832,1199
ford,focus,limousine,manuell,benzin,nein,75,125000,2002,1,2016-03-27 00:00:00,2016-03-27 12:36:18,33330,1750
volkswagen,golf,limousine,manuell,benzin,nein,54,150000,1990,2,2016-03-18 00:00:00,2016-04-05 23:16:13,47447,1000
bmw,7er,limousine,automatik,benzin,ja,286,150000,1995,12,2016-03-11 00:00:00,2016-03-20 10:17:59,77866,1800
opel,combo,bus,manuell,diesel,nein,75,150000,2003,3,2016-03-16 00:00:00,2016-03-24 11:46:38,96224,1100
mercedes_benz,e_klasse,kombi,automatik,diesel,nein,170,150000,2001,1,2016-03-09 00:00:00,2016-03-17 02:45:51,53520,2990
volkswagen,passat,kombi,manuell,diesel,nein,131,150000,2001,12,2016-03-31 00:00:00,2016-04-06 16:45:33,90471,2750
skoda,fabia,kombi,manuell,diesel,nein,75,100000,2012,5,2016-03-28 00:00:00,2016-04-03 13:58:00,44894,6990
audi,80,cabrio,manuell,benzin,nein,116,150000,1996,6,2016-04-01 00:00:00,2016-04-05 23:46:14,38300,4800
mercedes_benz,c_klasse,limousine,automatik,diesel,nein,170,125000,2007,5,2016-03-21 00:00:00,2016-04-06 15:45:36,13439,14499
alfa_romeo,147,limousine,manuell,diesel,nein,120,150000,2007,4,2016-04-02 00:00:00,2016-04-04 07:51:11,86678,3450
bmw,5er,kombi,automatik,diesel,nein,184,150000,2000,11,2016-03-13 00:00:00,2016-04-06 08:45:19,72525,3550
ford,c_max,bus,manuell,diesel,nein,109,125000,2010,10,2016-03-28 00:00:00,2016-04-07 04:44:59,35606,8250
renault,clio,kleinwagen,manuell,benzin,nein,54,150000,1998,11,2016-03-09 00:00:00,2016-03-14 11:46:52,34516,800
mercedes_benz,glk,suv,automatik,diesel,nein,204,40000,2014,9,2016-03-30 00:00:00,2016-04-06 01:17:24,82131,41900
bmw,3er,kombi,automatik,diesel,nein,204,150000,2003,1,2016-04-05 00:00:00,2016-04-07 13:16:46,53757,4200
volkswagen,golf,kleinwagen,manuell,benzin,nein,75,150000,1996,3,2016-03-27 00:00:00,2016-04-01 12:45:50,38640,1000
peugeot,3_reihe,limousine,manuell,benzin,ja,88,150000,2004,9,2016-03-09 00:00:00,2016-03-20 06:18:20,66333,800
mercedes_benz,c_klasse,limousine,manuell,benzin,nein,160,150000,2000,5,2016-03-22 00:00:00,2016-03-22 11:41:11,40231,2300
audi,a6,kombi,automatik,diesel,nein,163,150000,2003,6,2016-03-29 00:00:00,2016-03-31 01:47:16,22525,4000
bmw,z_reihe,cabrio,manuell,benzin,nein,170,150000,2004,12,2016-04-03 00:00:00,2016-04-07 11:15:22,65549,9450
mercedes_benz,c_klasse,limousine,manuell,diesel,nein,170,125000,2003,2,2016-03-10 00:00:00,2016-04-01 20:47:57,55743,6890
volkswagen,golf,limousine,manuell,benzin,nein,69,125000,1989,11,2016-03-21 00:00:00,2016-04-05 15:17:35,95485,850
volkswagen,transporter,bus,manuell,diesel,nein,131,150000,2007,12,2016-04-01 00:00:00,2016-04-05 21:45:06,17291,8500
honda,civic,limousine,manuell,benzin,nein,75,125000,2000,11,2016-03-28 00:00:00,2016-04-02 11:47:57,12163,1500
seat,ibiza,kleinwagen,manuell,benzin,nein,64,80000,2004,2,2016-03-14 00:00:00,2016-04-05 13:15:27,29633,3200
ford,c_max,bus,manuell,diesel,nein,116,150000,2011,4,2016-03-19 00:00:00,2016-04-06 18:48:10,97737,11890
bmw,3er,coupe,automatik,benzin,nein,170,150000,2000,2,2016-03-28 00:00:00,2016-03-30 04:17:59,53332,2900
ford,mustang,cabrio,manuell,benzin,nein,305,50000,2006,7,2016-03-07 00:00:00,2016-03-12 20:18:29,38350,19750
volkswagen,eos,cabrio,manuell,benzin,nein,150,60000,2006,11,2016-03-16 00:00:00,2016-04-06 07:16:16,47198,9800
ford,fiesta,kleinwagen,manuell,benzin,nein,80,125000,2003,4,2016-03-18 00:00:00,2016-03-18 12:39:23,13469,1990
mercedes_benz,vito,bus,automatik,diesel,nein,150,150000,2006,6,2016-03-18 00:00:00,2016-04-05 21:47:51,33729,10500
opel,astra,limousine,manuell,diesel,nein,131,70000,2012,3,2016-03-24 00:00:00,2016-04-05 11:56:32,34613,11000
mercedes_benz,e_klasse,kombi,automatik,diesel,nein,197,150000,2000,5,2016-03-20 00:00:00,2016-04-05 22:46:06,27474,2390
skoda,fabia,kombi,automatik,benzin,nein,110,10000,2015,8,2016-03-08 00:00:00,2016-04-06 01:17:03,95502,16449
audi,a4,limousine,manuell,benzin,nein,120,60000,2011,5,2016-03-28 00:00:00,2016-04-06 23:15:52,59494,14300
volkswagen,polo,kleinwagen,manuell,benzin,nein,80,125000,2009,5,2016-03-21 00:00:00,2016-04-05 20:47:12,65529,5999
audi,a6,kombi,automatik,diesel,nein,179,150000,2003,11,2016-03-10 00:00:00,2016-03-13 00:16:56,64846,3700
volkswagen,touran,bus,manuell,diesel,nein,105,90000,2007,2,2016-03-10 00:00:00,2016-03-17 09:16:40,26689,8999
ford,mustang,coupe,automatik,benzin,nein,305,90000,1968,11,2016-03-31 00:00:00,2016-04-06 10:45:49,74547,25000
audi,80,limousine,manuell,benzin,nein,90,80000,1992,3,2016-03-30 00:00:00,2016-04-05 15:46:38,1219,2790
bmw,3er,limousine,manuell,benzin,nein,170,100000,2008,12,2016-03-20 00:00:00,2016-04-07 11:17:36,64289,13400
volkswagen,golf,bus,manuell,benzin,ja,102,150000,2006,8,2016-03-25 00:00:00,2016-04-06 20:16:54,4288,4900
volkswagen,golf,limousine,automatik,benzin,nein,250,150000,2006,8,2016-03-08 00:00:00,2016-03-19 09:46:58,22083,11299
volkswagen,golf,andere,manuell,benzin,nein,75,150000,1997,6,2016-04-03 00:00:00,2016-04-07 12:45:02,96175,550
hyundai,getz,kleinwagen,manuell,diesel,ja,88,150000,2006,7,2016-03-21 00:00:00,2016-04-02 22:47:22,51147,1400
opel,insignia,kombi,manuell,diesel,nein,131,150000,2011,12,2016-03-22 00:00:00,2016-04-02 13:15:39,31832,9500
volkswagen,golf,kombi,manuell,diesel,nein,90,150000,1999,4,2016-03-20 00:00:00,2016-04-06 22:47:14,1920,1800
bmw,5er,kombi,automatik,diesel,nein,231,150000,2006,11,2016-04-02 00:00:00,2016-04-07 07:16:22,76332,11000
renault,megane,cabrio,manuell,benzin,nein,163,100000,2006,1,2016-03-31 00:00:00,2016-04-06 06:16:29,84416,6900
audi,a6,kombi,automatik,diesel,nein,179,150000,2008,8,2016-04-01 00:00:00,2016-04-05 14:18:28,25551,12999
bmw,5er,kombi,automatik,diesel,nein,313,150000,2011,11,2016-03-31 00:00:00,2016-03-31 13:44:44,52477,18400
volkswagen,andere,limousine,manuell,benzin,nein,75,150000,1995,10,2016-03-25 00:00:00,2016-04-06 06:45:14,76597,999
audi,a3,kombi,automatik,diesel,nein,140,150000,2009,9,2016-03-27 00:00:00,2016-04-06 02:15:20,51109,12899
bmw,3er,limousine,manuell,diesel,nein,143,150000,2010,5,2016-03-31 00:00:00,2016-04-06 14:18:03,29683,10500
volkswagen,golf,limousine,manuell,benzin,nein,80,50000,2010,3,2016-04-02 00:00:00,2016-04-02 10:51:46,34385,8500
bmw,1er,limousine,manuell,benzin,nein,265,150000,2007,10,2016-04-05 00:00:00,2016-04-05 11:48:01,14129,14900
volkswagen,golf,kleinwagen,manuell,benzin,nein,75,150000,1994,3,2016-03-17 00:00:00,2016-03-28 14:45:17,23879,500
volkswagen,lupo,kleinwagen,manuell,benzin,nein,45,150000,2002,9,2016-03-11 00:00:00,2016-03-20 07:18:49,38707,1200
audi,a3,limousine,manuell,benzin,nein,125,150000,1996,9,2016-03-21 00:00:00,2016-03-30 01:18:23,63811,1250
volkswagen,polo,kleinwagen,manuell,benzin,nein,54,125000,1992,10,2016-04-04 00:00:00,2016-04-04 17:48:29,30926,370
renault,r19,limousine,manuell,benzin,nein,88,150000,1993,3,2016-03-12 00:00:00,2016-03-16 08:16:48,6895,350
bmw,3er,coupe,manuell,diesel,nein,197,150000,2007,4,2016-03-15 00:00:00,2016-03-16 08:42:05,72116,8600
volkswagen,golf,cabrio,manuell,benzin,nein,98,150000,1991,3,2016-03-07 00:00:00,2016-04-06 13:17:11,17495,2222
bmw,3er,limousine,automatik,benzin,nein,218,150000,2005,11,2016-04-05 00:00:00,2016-04-07 12:17:52,88255,11800
ford,c_max,bus,manuell,diesel,ja,115,125000,2008,6,2016-03-29 00:00:00,2016-04-06 22:45:21,52525,4000
peugeot,2_reihe,kleinwagen,manuell,benzin,nein,75,150000,1999,8,2016-03-23 00:00:00,2016-04-01 15:15:53,21423,1450
volkswagen,golf,limousine,manuell,benzin,ja,75,100000,2004,9,2016-03-05 00:00:00,2016-03-16 06:45:15,6295,2800
mercedes_benz,c_klasse,kombi,manuell,diesel,nein,122,150000,2004,9,2016-03-14 00:00:00,2016-03-17 07:17:11,60318,5499
bmw,3er,limousine,manuell,benzin,nein,170,150000,2000,5,2016-03-28 00:00:00,2016-04-07 01:16:06,41470,5500
audi,a4,kombi,manuell,diesel,nein,150,50000,2013,8,2016-03-26 00:00:00,2016-04-06 11:45:22,84048,22290
lancia,andere,bus,manuell,diesel,nein,109,150000,2003,11,2016-03-22 00:00:00,2016-03-22 11:59:28,83317,1440
renault,clio,kleinwagen,manuell,benzin,nein,75,150000,2000,3,2016-03-21 00:00:00,2016-03-22 19:20:00,44879,1150
volkswagen,golf,limousine,manuell,diesel,nein,170,90000,2011,3,2016-03-05 00:00:00,2016-03-11 16:17:33,32832,15700
bmw,3er,coupe,manuell,benzin,nein,102,150000,1995,8,2016-03-17 00:00:00,2016-03-20 07:17:29,85640,899
bmw,3er,kombi,manuell,benzin,nein,150,150000,2006,1,2016-04-01 00:00:00,2016-04-05 08:50:10,85659,9200
mercedes_benz,sprinter,bus,manuell,diesel,nein,130,150000,2000,12,2016-03-20 00:00:00,2016-03-21 15:21:23,96472,3350
renault,clio,kleinwagen,manuell,benzin,ja,75,125000,2006,6,2016-04-01 00:00:00,2016-04-05 17:26:59,34582,2700
mazda,andere,bus,automatik,benzin,ja,114,150000,2001,4,2016-03-10 00:00:00,2016-03-20 15:45:12,35043,800
audi,a6,limousine,automatik,diesel,nein,140,150000,2008,10,2016-04-03 00:00:00,2016-04-03 11:59:39,48249,9800
volkswagen,golf,limousine,automatik,benzin,ja,211,60000,2012,12,2016-03-30 00:00:00,2016-04-07 12:45:20,42283,14700
mitsubishi,colt,limousine,manuell,benzin,nein,75,70000,1995,3,2016-04-01 00:00:00,2016-04-01 13:46:21,50823,895
volkswagen,polo,kleinwagen,manuell,benzin,nein,54,150000,1995,5,2016-03-30 00:00:00,2016-04-05 11:45:31,34270,950
bmw,5er,limousine,automatik,lpg,nein,286,150000,2002,2,2016-03-16 00:00:00,2016-04-07 05:16:57,41836,6799
opel,corsa,kleinwagen,manuell,benzin,nein,56,150000,1999,8,2016-03-23 00:00:00,2016-03-23 19:54:35,32756,500
volkswagen,polo,kleinwagen,automatik,benzin,nein,90,30000,2012,11,2016-03-05 00:00:00,2016-04-07 04:46:28,6110,11919
porsche,andere,coupe,manuell,benzin,nein,265,125000,2009,5,2016-03-21 00:00:00,2016-03-25 06:17:46,93053,25900
audi,a1,kleinwagen,manuell,diesel,nein,105,125000,2010,12,2016-03-06 00:00:00,2016-03-09 22:18:06,24537,10800
opel,vectra,limousine,manuell,benzin,nein,101,150000,2002,1,2016-03-07 00:00:00,2016-03-07 10:49:21,16816,650
bmw,3er,kombi,manuell,benzin,ja,118,150000,2000,9,2016-03-10 00:00:00,2016-03-10 15:52:45,51647,800
volkswagen,lupo,kleinwagen,manuell,diesel,nein,75,150000,2001,5,2016-03-27 00:00:00,2016-04-01 23:44:57,45147,1690
citroen,berlingo,bus,manuell,diesel,nein,75,80000,2009,1,2016-03-20 00:00:00,2016-03-20 19:49:21,42651,4850
volkswagen,passat,kombi,manuell,diesel,nein,140,150000,2007,11,2016-03-05 00:00:00,2016-03-06 04:40:29,93437,4500
volkswagen,passat,kombi,manuell,benzin,nein,131,150000,2003,4,2016-04-03 00:00:00,2016-04-07 09:44:44,39218,3900
volkswagen,transporter,bus,automatik,diesel,nein,140,80000,2013,10,2016-03-29 00:00:00,2016-04-06 11:47:14,83684,26999
volkswagen,passat,kombi,manuell,benzin,nein,101,150000,2000,3,2016-03-09 00:00:00,2016-03-09 11:41:16,23758,750
bmw,7er,limousine,automatik,diesel,nein,184,150000,1999,10,2016-03-10 00:00:00,2016-04-05 23:46:27,9405,5900
audi,a6,limousine,automatik,diesel,nein,326,5000,2015,7,2016-04-04 00:00:00,2016-04-07 04:16:57,45525,56900
volkswagen,golf,limousine,manuell,benzin,nein,116,150000,2000,4,2016-03-12 00:00:00,2016-03-12 15:55:41,90439,1100
mercedes_benz,andere,coupe,automatik,diesel,nein,265,80000,2014,10,2016-03-11 00:00:00,2016-04-05 08:47:16,96123,48000
renault,clio,kleinwagen,manuell,benzin,nein,201,70000,2009,6,2016-03-21 00:00:00,2016-03-30 04:46:31,99713,8400
audi,80,limousine,manuell,benzin,nein,90,70000,1990,6,2016-03-11 00:00:00,2016-03-26 23:15:49,55122,1
volkswagen,golf,limousine,manuell,benzin,ja,75,150000,1998,5,2016-03-29 00:00:00,2016-04-06 01:15:45,31275,800
mercedes_benz,m_klasse,suv,automatik,diesel,nein,224,150000,2009,12,2016-03-22 00:00:00,2016-04-06 13:16:23,54636,27500
volkswagen,touran,bus,manuell,benzin,nein,140,70000,2009,3,2016-03-25 00:00:00,2016-04-07 05:46:31,55129,14950
bmw,z_reihe,cabrio,manuell,benzin,nein,170,70000,2004,6,2016-03-28 00:00:00,2016-04-07 00:17:37,16321,14900
bmw,5er,limousine,automatik,benzin,nein,235,150000,1998,5,2016-03-12 00:00:00,2016-03-19 19:16:31,97332,2950
volkswagen,tiguan,suv,manuell,diesel,nein,101,150000,2011,7,2016-03-30 00:00:00,2016-03-31 07:43:22,1069,12000
mercedes_benz,c_klasse,kombi,automatik,diesel,nein,150,150000,2001,11,2016-03-15 00:00:00,2016-04-04 23:18:49,22549,2500
mitsubishi,andere,coupe,manuell,benzin,nein,286,150000,1995,4,2016-03-17 00:00:00,2016-04-05 18:45:15,36093,6000
ford,fiesta,kleinwagen,manuell,diesel,nein,95,60000,2012,1,2016-03-07 00:00:00,2016-04-05 12:15:41,50968,8950
ford,mustang,coupe,automatik,benzin,nein,213,80000,2009,8,2016-03-06 00:00:00,2016-04-06 05:44:39,97424,18700
volkswagen,passat,coupe,automatik,diesel,nein,140,125000,2009,12,2016-03-31 00:00:00,2016-03-31 15:48:39,26931,11550
bmw,3er,limousine,manuell,benzin,nein,102,150000,1989,10,2016-03-30 00:00:00,2016-04-03 06:53:38,95364,2400
volkswagen,tiguan,suv,manuell,benzin,nein,150,30000,2011,4,2016-03-19 00:00:00,2016-04-07 02:15:37,6502,16150
audi,tt,coupe,manuell,benzin,nein,179,150000,2000,2,2016-03-05 00:00:00,2016-03-08 10:18:07,55120,3000
volkswagen,golf,limousine,manuell,diesel,nein,90,150000,2004,10,2016-03-28 00:00:00,2016-04-06 07:46:17,56235,5500
mazda,6_reihe,limousine,manuell,diesel,nein,122,5000,2004,7,2016-03-31 00:00:00,2016-04-05 00:44:27,54558,2000
renault,megane,limousine,manuell,benzin,ja,107,150000,2000,6,2016-03-18 00:00:00,2016-03-18 21:37:39,41065,890
mitsubishi,andere,bus,manuell,diesel,nein,69,150000,1996,9,2016-03-09 00:00:00,2016-04-05 14:18:51,13409,2899
volkswagen,golf,limousine,manuell,benzin,nein,75,80000,2004,12,2016-04-04 00:00:00,2016-04-06 21:16:27,22926,4800
peugeot,3_reihe,limousine,manuell,benzin,nein,174,90000,2008,9,2016-03-29 00:00:00,2016-04-05 14:47:33,58095,6799
opel,astra,limousine,manuell,benzin,nein,125,150000,2004,6,2016-03-20 00:00:00,2016-03-20 14:56:34,96528,2650
renault,clio,kleinwagen,manuell,benzin,nein,107,150000,1999,6,2016-03-16 00:00:00,2016-04-07 04:46:17,14612,1000
audi,a3,coupe,manuell,benzin,ja,125,150000,1997,0,2016-03-24 00:00:00,2016-03-29 00:44:57,64739,800
audi,a4,cabrio,manuell,benzin,nein,220,150000,2002,4,2016-03-19 00:00:00,2016-04-02 14:46:07,80999,5299
mercedes_benz,e_klasse,limousine,manuell,diesel,nein,150,150000,2002,3,2016-03-19 00:00:00,2016-03-29 18:45:38,70619,7150
citroen,c4,coupe,manuell,benzin,nein,88,150000,2006,6,2016-03-31 00:00:00,2016-04-05 18:46:30,49565,2300
volkswagen,golf,bus,manuell,diesel,nein,140,150000,2006,8,2016-03-15 00:00:00,2016-04-04 18:45:12,87656,5500
fiat,panda,kleinwagen,manuell,benzin,nein,54,125000,1997,7,2016-03-14 00:00:00,2016-03-21 02:16:19,78112,4400
audi,a3,limousine,manuell,diesel,nein,140,150000,2008,10,2016-04-01 00:00:00,2016-04-01 19:54:05,26419,7950
bmw,z_reihe,coupe,manuell,benzin,nein,265,150000,2007,3,2016-03-05 00:00:00,2016-04-07 12:17:24,71083,16500
bmw,z_reihe,cabrio,automatik,benzin,nein,170,150000,2004,9,2016-03-05 00:00:00,2016-03-19 20:47:36,38723,8100
volkswagen,up,kleinwagen,automatik,benzin,nein,75,60000,2013,7,2016-03-10 00:00:00,2016-04-07 06:45:08,99817,9750
mazda,3_reihe,limousine,manuell,diesel,nein,185,150000,2009,5,2016-04-03 00:00:00,2016-04-05 12:10:46,35510,7700
smart,fortwo,kleinwagen,automatik,benzin,nein,54,125000,1999,11,2016-03-31 00:00:00,2016-03-31 10:45:59,86399,1195
renault,clio,kombi,manuell,benzin,nein,73,30000,2014,4,2016-03-15 00:00:00,2016-03-29 20:18:04,10249,9790
renault,clio,kleinwagen,manuell,benzin,nein,54,90000,1999,7,2016-03-10 00:00:00,2016-03-12 22:18:31,53940,1849
smart,fortwo,kleinwagen,automatik,diesel,nein,41,125000,2006,8,2016-03-28 00:00:00,2016-03-30 05:46:53,33719,3300
volkswagen,transporter,kombi,manuell,diesel,ja,77,150000,1991,7,2016-03-05 00:00:00,2016-04-07 09:45:43,59348,650
toyota,andere,coupe,manuell,benzin,nein,170,150000,1998,10,2016-03-26 00:00:00,2016-04-06 01:47:01,9437,2600
mercedes_benz,andere,kombi,manuell,diesel,nein,170,150000,2008,7,2016-03-16 00:00:00,2016-04-06 23:16:34,91717,11700
renault,scenic,bus,manuell,benzin,ja,90,150000,1998,6,2016-03-21 00:00:00,2016-03-26 12:46:25,24143,600
hyundai,i_reihe,kombi,manuell,benzin,nein,109,150000,2009,9,2016-04-02 00:00:00,2016-04-06 14:16:46,87439,4950
volkswagen,lupo,kleinwagen,manuell,benzin,nein,50,150000,2003,3,2016-03-30 00:00:00,2016-04-05 11:45:25,55543,1600
bmw,3er,cabrio,manuell,benzin,nein,150,150000,2006,3,2016-03-11 00:00:00,2016-04-06 04:44:25,51515,8499
volkswagen,golf,limousine,manuell,benzin,nein,101,150000,1999,6,2016-03-09 00:00:00,2016-03-10 11:17:48,37619,1700
kia,ceed,limousine,manuell,benzin,nein,90,100000,2010,2,2016-03-19 00:00:00,2016-04-06 03:15:22,85665,5750
renault,kangoo,bus,manuell,benzin,ja,75,150000,2001,12,2016-03-20 00:00:00,2016-04-07 02:44:50,58553,600
bmw,5er,limousine,automatik,benzin,nein,170,150000,2004,1,2016-03-25 00:00:00,2016-04-06 07:46:12,21682,8700
mercedes_benz,c_klasse,kombi,automatik,diesel,nein,125,150000,1999,2,2016-03-31 00:00:00,2016-04-06 08:17:03,53123,1200
mazda,5_reihe,bus,manuell,diesel,nein,116,20000,2014,11,2016-03-20 00:00:00,2016-04-06 08:46:43,59872,18880
bmw,5er,kombi,automatik,diesel,nein,177,150000,2008,7,2016-03-19 00:00:00,2016-04-01 07:49:21,91301,11200
seat,ibiza,kleinwagen,manuell,benzin,nein,75,125000,2003,2,2016-03-28 00:00:00,2016-04-07 00:46:29,53572,3900
bmw,1er,limousine,manuell,diesel,nein,143,80000,2010,12,2016-03-10 00:00:00,2016-04-06 00:45:33,73485,13849
skoda,yeti,suv,manuell,benzin,nein,105,40000,2013,3,2016-03-26 00:00:00,2016-04-06 10:45:21,79400,13200
skoda,fabia,kombi,manuell,benzin,nein,101,125000,2001,8,2016-03-28 00:00:00,2016-04-07 03:45:06,81541,2500
skoda,fabia,kleinwagen,manuell,benzin,nein,54,150000,2006,4,2016-04-02 00:00:00,2016-04-02 20:50:59,27419,2550
skoda,octavia,kombi,manuell,lpg,nein,102,150000,2006,11,2016-03-10 00:00:00,2016-03-15 19:15:19,26419,3900
bmw,3er,limousine,manuell,benzin,nein,231,150000,2001,11,2016-03-16 00:00:00,2016-03-19 06:46:08,85748,2450
volkswagen,passat,kombi,manuell,diesel,nein,90,150000,1998,12,2016-03-27 00:00:00,2016-03-29 14:30:36,35415,750
opel,zafira,bus,automatik,benzin,nein,116,150000,1999,7,2016-03-23 00:00:00,2016-03-25 01:45:48,64579,1799
seat,mii,kleinwagen,manuell,benzin,nein,75,60000,2012,11,2016-03-15 00:00:00,2016-03-16 17:46:37,83646,8150
mazda,rx_reihe,coupe,manuell,benzin,nein,192,125000,2004,7,2016-03-03 00:00:00,2016-03-29 05:18:01,57520,3900
opel,corsa,kleinwagen,manuell,benzin,nein,90,20000,2014,9,2016-03-30 00:00:00,2016-04-06 23:46:25,55294,9999
ford,mondeo,kombi,manuell,diesel,nein,131,150000,2001,12,2016-03-31 00:00:00,2016-04-06 14:17:56,66117,500
volkswagen,golf,limousine,manuell,lpg,nein,66,150000,1992,10,2016-03-29 00:00:00,2016-04-06 02:15:37,67065,699
opel,astra,cabrio,manuell,benzin,nein,115,150000,1994,3,2016-04-05 00:00:00,2016-04-05 12:26:18,56070,999
bmw,6er,coupe,manuell,benzin,nein,218,150000,1983,10,2016-03-30 00:00:00,2016-04-01 08:18:11,42719,16500
ford,focus,limousine,manuell,andere,nein,125,125000,2007,9,2016-03-14 00:00:00,2016-04-05 11:51:03,97199,6500
fiat,punto,kleinwagen,manuell,benzin,nein,60,100000,2000,6,2016-03-26 00:00:00,2016-04-06 14:15:47,59557,1490
opel,astra,kombi,manuell,diesel,nein,110,150000,2008,5,2016-03-30 00:00:00,2016-04-05 09:52:46,47495,3200
audi,a6,kombi,manuell,diesel,nein,163,150000,2003,4,2016-04-04 00:00:00,2016-04-06 12:17:40,40789,3250
volkswagen,fox,kleinwagen,manuell,benzin,nein,54,70000,2006,6,2016-03-26 00:00:00,2016-04-07 01:46:35,33790,3400
renault,twingo,kleinwagen,manuell,benzin,nein,58,150000,2002,5,2016-03-28 00:00:00,2016-04-06 19:16:29,44623,1100
opel,vectra,limousine,manuell,diesel,nein,125,150000,2002,4,2016-03-25 00:00:00,2016-04-06 20:16:15,73431,1750
volkswagen,passat,kombi,automatik,diesel,nein,140,150000,2006,11,2016-03-29 00:00:00,2016-03-31 15:16:54,33775,3300
chevrolet,matiz,kleinwagen,manuell,benzin,ja,52,150000,2005,6,2016-04-02 00:00:00,2016-04-06 10:17:28,91207,1350
fiat,panda,kleinwagen,manuell,benzin,nein,69,80000,2012,2,2016-04-04 00:00:00,2016-04-06 11:45:34,42555,8250
volkswagen,beetle,kleinwagen,manuell,benzin,nein,115,150000,2000,1,2016-03-24 00:00:00,2016-04-05 17:17:10,7987,2500
audi,a6,kombi,automatik,diesel,nein,163,150000,2004,3,2016-03-16 00:00:00,2016-04-05 23:16:34,18442,3999
mercedes_benz,m_klasse,suv,automatik,lpg,nein,510,150000,2007,4,2016-03-31 00:00:00,2016-04-06 17:45:19,33178,21500
bmw,1er,limousine,manuell,benzin,nein,143,150000,2007,9,2016-03-23 00:00:00,2016-03-29 02:16:45,85375,7000
renault,andere,bus,manuell,diesel,nein,131,150000,2005,6,2016-03-12 00:00:00,2016-03-17 10:17:56,91781,2950
fiat,punto,kleinwagen,manuell,benzin,nein,60,60000,2000,6,2016-03-10 00:00:00,2016-03-11 02:16:04,87600,1100
opel,vectra,limousine,manuell,benzin,nein,147,125000,2003,4,2016-03-20 00:00:00,2016-03-25 06:45:16,90439,3600
volkswagen,golf,limousine,manuell,benzin,nein,80,125000,2009,9,2016-04-02 00:00:00,2016-04-06 18:16:04,57392,7750
bmw,5er,kombi,automatik,diesel,nein,150,150000,2007,9,2016-03-08 00:00:00,2016-03-09 07:15:46,83236,6880
volkswagen,golf,bus,automatik,diesel,nein,140,150000,2008,7,2016-03-27 00:00:00,2016-04-07 11:45:06,42281,5600
volkswagen,golf,limousine,automatik,benzin,nein,105,60000,2012,10,2016-03-07 00:00:00,2016-03-22 01:18:19,44309,10550
mercedes_benz,a_klasse,limousine,manuell,benzin,nein,122,40000,2013,11,2016-03-13 00:00:00,2016-04-06 00:15:30,55481,17500
seat,ibiza,kleinwagen,manuell,benzin,nein,60,150000,1999,4,2016-03-22 00:00:00,2016-03-31 09:44:37,73340,999
opel,astra,kombi,manuell,benzin,nein,115,150000,1998,12,2016-03-15 00:00:00,2016-04-05 17:21:46,86859,2000
audi,a4,limousine,manuell,benzin,nein,125,125000,1999,7,2016-03-20 00:00:00,2016-04-07 09:45:41,57072,2700
opel,corsa,kleinwagen,manuell,benzin,nein,45,150000,1995,5,2016-03-28 00:00:00,2016-03-30 02:46:26,85748,500
smart,fortwo,cabrio,automatik,benzin,nein,71,90000,2010,3,2016-03-30 00:00:00,2016-04-07 04:15:52,85540,5555
mercedes_benz,a_klasse,limousine,manuell,benzin,nein,95,70000,2010,12,2016-03-12 00:00:00,2016-04-07 11:44:22,21465,8450
opel,corsa,kleinwagen,manuell,benzin,nein,45,150000,1997,1,2016-03-08 00:00:00,2016-03-12 13:45:24,48683,650
ford,focus,limousine,manuell,benzin,nein,75,150000,2000,5,2016-03-15 00:00:00,2016-04-06 03:16:12,67661,680
opel,corsa,kleinwagen,manuell,benzin,nein,45,150000,1995,1,2016-03-30 00:00:00,2016-04-01 13:45:31,58452,444
peugeot,2_reihe,kleinwagen,manuell,benzin,nein,73,70000,2009,10,2016-03-24 00:00:00,2016-03-24 20:46:31,50674,4650
kia,rio,kleinwagen,manuell,benzin,nein,97,70000,2007,6,2016-03-14 00:00:00,2016-03-14 15:49:16,45892,4450
nissan,micra,kleinwagen,manuell,benzin,nein,65,80000,2003,6,2016-03-29 00:00:00,2016-03-29 13:56:25,70376,1999
opel,zafira,bus,manuell,diesel,nein,110,100000,2011,3,2016-03-05 00:00:00,2016-03-06 03:44:26,49477,9650
mercedes_benz,a_klasse,limousine,automatik,benzin,nein,82,125000,2004,6,2016-03-08 00:00:00,2016-03-21 03:46:22,59348,3850
volkswagen,touareg,suv,automatik,diesel,nein,239,150000,2008,4,2016-04-04 00:00:00,2016-04-06 13:44:33,45355,15500
chevrolet,andere,cabrio,automatik,benzin,nein,295,90000,1959,7,2016-03-18 00:00:00,2016-04-03 21:17:33,94032,90500
seat,ibiza,kleinwagen,automatik,benzin,nein,179,50000,2010,11,2016-03-29 00:00:00,2016-04-06 09:17:57,60596,11500
dacia,logan,kombi,manuell,diesel,nein,68,150000,2007,6,2016-03-26 00:00:00,2016-04-06 04:15:35,64859,2800
mercedes_benz,e_klasse,limousine,automatik,benzin,nein,136,150000,1992,2,2016-04-04 00:00:00,2016-04-06 15:16:20,13349,1490
suzuki,andere,suv,manuell,benzin,nein,80,150000,1992,5,2016-04-01 00:00:00,2016-04-07 00:16:16,35039,1199
kia,andere,limousine,manuell,lpg,nein,203,150000,2004,9,2016-03-29 00:00:00,2016-04-06 03:45:27,23558,4000
renault,megane,kombi,manuell,diesel,nein,150,125000,2006,9,2016-03-13 00:00:00,2016-04-06 19:17:57,25715,6450
opel,corsa,kleinwagen,manuell,benzin,nein,75,150000,2001,10,2016-04-03 00:00:00,2016-04-06 22:46:14,63263,1690
volkswagen,passat,limousine,automatik,diesel,nein,150,150000,2002,12,2016-03-09 00:00:00,2016-04-07 09:17:11,90768,1750
mercedes_benz,a_klasse,limousine,automatik,benzin,nein,82,70000,2001,3,2016-03-08 00:00:00,2016-03-15 07:44:28,23968,2990
volkswagen,lupo,kleinwagen,manuell,benzin,nein,50,150000,2000,2,2016-03-19 00:00:00,2016-04-06 23:46:32,65824,1000
opel,omega,kombi,manuell,benzin,ja,144,150000,2000,4,2016-03-25 00:00:00,2016-04-06 12:44:35,72820,650
citroen,andere,andere,manuell,diesel,nein,120,150000,2010,7,2016-04-02 00:00:00,2016-04-02 22:44:37,7545,5500
citroen,andere,coupe,manuell,benzin,nein,75,150000,1998,9,2016-03-29 00:00:00,2016-04-06 01:15:42,13435,1299
mercedes_benz,c_klasse,kombi,automatik,benzin,nein,143,150000,2004,12,2016-03-25 00:00:00,2016-04-06 23:17:08,27777,7600
volkswagen,golf,kombi,automatik,benzin,nein,160,60000,2010,4,2016-03-26 00:00:00,2016-04-06 06:16:08,4107,13499
daihatsu,cuore,kleinwagen,manuell,benzin,nein,58,150000,2007,3,2016-03-08 00:00:00,2016-03-12 21:44:17,44145,1490
volkswagen,golf,limousine,manuell,benzin,nein,80,125000,2007,7,2016-03-12 00:00:00,2016-04-06 23:17:03,31246,5500
bmw,3er,limousine,manuell,benzin,nein,143,150000,2003,4,2016-04-04 00:00:00,2016-04-05 12:14:20,65558,2350
ford,s_max,bus,automatik,diesel,nein,140,150000,2009,10,2016-03-12 00:00:00,2016-04-07 06:45:53,45699,6350
mazda,andere,bus,manuell,benzin,nein,101,150000,1999,12,2016-04-02 00:00:00,2016-04-02 17:45:49,55128,750
opel,vectra,limousine,automatik,benzin,nein,101,150000,1998,8,2016-03-27 00:00:00,2016-03-31 01:45:53,44809,1500
audi,a4,limousine,manuell,benzin,nein,300,150000,2003,3,2016-04-01 00:00:00,2016-04-05 21:45:11,18573,8500
fiat,andere,kombi,manuell,benzin,nein,103,125000,2001,3,2016-03-07 00:00:00,2016-04-06 10:46:18,20146,850
mercedes_benz,a_klasse,limousine,manuell,benzin,nein,95,70000,2009,10,2016-04-03 00:00:00,2016-04-05 22:18:19,74235,6700
audi,a3,limousine,manuell,diesel,nein,150,50000,2013,9,2016-03-30 00:00:00,2016-04-06 23:46:17,59846,29980
opel,corsa,kleinwagen,manuell,benzin,nein,75,125000,2003,5,2016-03-21 00:00:00,2016-03-24 11:46:38,1067,2238
bmw,3er,coupe,manuell,benzin,nein,170,150000,1997,11,2016-03-26 00:00:00,2016-03-26 11:41:18,83024,3350
renault,modus,bus,manuell,diesel,nein,86,150000,2005,6,2016-03-05 00:00:00,2016-04-07 07:17:06,13439,2000
audi,a6,kombi,manuell,diesel,nein,140,100000,2007,3,2016-03-19 00:00:00,2016-04-07 05:17:33,94060,14500
audi,a2,kleinwagen,manuell,benzin,nein,75,150000,2002,1,2016-03-12 00:00:00,2016-04-06 17:16:45,56235,4199
seat,ibiza,kleinwagen,manuell,benzin,nein,85,30000,2009,4,2016-03-29 00:00:00,2016-04-06 01:15:34,1744,6999
volkswagen,polo,kleinwagen,manuell,benzin,nein,60,100000,2008,11,2016-03-23 00:00:00,2016-03-29 16:45:23,1993,4490
bmw,x_reihe,limousine,automatik,diesel,nein,245,40000,2013,4,2016-03-20 00:00:00,2016-04-07 04:46:53,50859,43900
audi,a5,cabrio,manuell,benzin,nein,160,90000,2010,5,2016-03-05 00:00:00,2016-03-06 11:08:40,65474,21950
mercedes_benz,e_klasse,kombi,automatik,diesel,nein,150,150000,2004,3,2016-03-23 00:00:00,2016-04-07 12:16:23,76872,8100
bmw,5er,kombi,manuell,benzin,nein,258,150000,2006,6,2016-03-18 00:00:00,2016-04-05 22:45:26,96114,12650
volkswagen,passat,kombi,manuell,benzin,nein,125,150000,1997,7,2016-04-01 00:00:00,2016-04-07 09:17:47,88161,2400
mercedes_benz,e_klasse,coupe,automatik,benzin,nein,292,125000,2009,6,2016-03-08 00:00:00,2016-03-12 01:16:12,30453,24900
volkswagen,golf,limousine,manuell,diesel,nein,90,150000,2007,2,2016-03-10 00:00:00,2016-03-16 08:17:23,60486,4300
audi,a4,kombi,manuell,diesel,nein,143,125000,2008,9,2016-03-20 00:00:00,2016-03-27 00:46:19,65549,10550
seat,ibiza,kleinwagen,manuell,benzin,nein,60,150000,1995,10,2016-03-14 00:00:00,2016-03-17 20:16:30,14542,200
audi,a6,limousine,manuell,benzin,nein,170,150000,2010,1,2016-04-05 00:00:00,2016-04-07 11:15:55,4275,11500
audi,a5,cabrio,automatik,diesel,nein,239,150000,2009,4,2016-03-21 00:00:00,2016-04-06 07:45:39,83735,20500
alfa_romeo,147,limousine,manuell,benzin,nein,105,150000,2006,6,2016-03-30 00:00:00,2016-04-07 09:44:33,74912,2990
mercedes_benz,c_klasse,kombi,manuell,diesel,nein,136,150000,2008,8,2016-03-26 00:00:00,2016-03-26 09:41:36,14513,9600
opel,corsa,kleinwagen,manuell,benzin,nein,45,30000,1995,10,2016-03-10 00:00:00,2016-03-22 00:46:44,15732,1099
opel,astra,limousine,manuell,benzin,nein,75,100000,2000,5,2016-03-22 00:00:00,2016-03-28 00:16:22,82110,1700
peugeot,andere,andere,manuell,diesel,ja,98,150000,2008,3,2016-04-01 00:00:00,2016-04-07 12:46:21,1809,4760
ford,galaxy,bus,manuell,diesel,nein,140,80000,2012,4,2016-04-02 00:00:00,2016-04-04 07:50:58,59590,16500
audi,tt,coupe,manuell,benzin,nein,179,125000,1999,3,2016-03-23 00:00:00,2016-04-07 11:16:02,55450,5300
citroen,c3,kleinwagen,automatik,benzin,nein,109,100000,2003,2,2016-03-09 00:00:00,2016-04-05 23:45:18,48683,3555
mercedes_benz,viano,bus,manuell,diesel,nein,150,90000,2009,5,2016-03-31 00:00:00,2016-04-07 03:17:20,59348,19900
mercedes_benz,s_klasse,limousine,automatik,diesel,nein,320,150000,2007,7,2016-03-07 00:00:00,2016-04-06 01:45:50,29664,15200
bmw,3er,limousine,manuell,benzin,nein,130,150000,1995,5,2016-03-06 00:00:00,2016-03-08 23:17:31,73431,550
volkswagen,eos,cabrio,manuell,diesel,nein,140,150000,2006,10,2016-03-31 00:00:00,2016-04-05 19:46:30,63263,8700
fiat,panda,kleinwagen,manuell,benzin,nein,86,50000,2012,2,2016-03-15 00:00:00,2016-04-06 11:45:49,72793,6990
hyundai,getz,kleinwagen,manuell,benzin,nein,63,150000,2006,3,2016-03-19 00:00:00,2016-03-19 17:41:47,58642,1650
audi,a3,limousine,manuell,diesel,nein,170,150000,2009,6,2016-03-26 00:00:00,2016-03-29 15:45:12,32839,7900
volkswagen,golf,limousine,manuell,benzin,nein,86,20000,2014,12,2016-03-13 00:00:00,2016-04-05 01:15:23,38444,14650
bmw,3er,kombi,manuell,benzin,nein,143,150000,2002,9,2016-03-24 00:00:00,2016-04-07 13:15:43,8060,3299
ford,fiesta,kleinwagen,manuell,benzin,nein,81,40000,2012,6,2016-03-29 00:00:00,2016-03-31 10:45:24,12679,6500
peugeot,2_reihe,kleinwagen,manuell,benzin,ja,148,150000,2002,11,2016-03-21 00:00:00,2016-04-05 00:15:35,39387,600
volkswagen,golf,limousine,manuell,benzin,nein,102,125000,2006,9,2016-03-20 00:00:00,2016-04-07 05:44:58,72074,5800
opel,astra,kombi,manuell,benzin,nein,75,150000,1999,3,2016-04-03 00:00:00,2016-04-07 02:17:02,65474,1600
mercedes_benz,c_klasse,kombi,automatik,benzin,nein,156,30000,2011,8,2016-03-27 00:00:00,2016-03-27 14:40:52,10115,8000
audi,andere,coupe,automatik,diesel,nein,204,100000,2010,11,2016-03-23 00:00:00,2016-03-23 15:42:44,49406,27500
audi,a4,kombi,manuell,diesel,ja,170,150000,2007,12,2016-03-08 00:00:00,2016-04-05 15:17:49,72186,6500
citroen,andere,bus,manuell,diesel,nein,109,150000,2004,5,2016-04-02 00:00:00,2016-04-02 08:48:45,26133,2790
volkswagen,andere,kleinwagen,manuell,benzin,nein,54,125000,2007,8,2016-03-08 00:00:00,2016-03-10 12:16:19,45326,2390
bmw,3er,limousine,automatik,benzin,ja,170,125000,2008,11,2016-03-14 00:00:00,2016-03-22 18:16:42,46047,9900
ford,mondeo,kombi,manuell,benzin,nein,125,150000,2001,10,2016-04-02 00:00:00,2016-04-06 10:17:44,68647,1450
volkswagen,sharan,bus,manuell,diesel,nein,131,150000,2003,12,2016-03-09 00:00:00,2016-03-11 17:15:52,50354,3600
smart,fortwo,cabrio,automatik,benzin,nein,54,100000,2000,5,2016-03-08 00:00:00,2016-03-17 23:47:35,12043,2295
volkswagen,golf,limousine,manuell,benzin,nein,90,150000,1991,6,2016-03-23 00:00:00,2016-03-26 06:16:42,94121,950
volkswagen,polo,kleinwagen,manuell,benzin,nein,45,150000,1996,1,2016-03-06 00:00:00,2016-03-12 14:17:34,19303,500
volkswagen,passat,kombi,manuell,benzin,nein,101,150000,1998,3,2016-04-04 00:00:00,2016-04-06 17:15:28,8309,800
nissan,andere,suv,manuell,benzin,nein,116,125000,1998,7,2016-03-29 00:00:00,2016-04-06 08:45:21,63607,1250
toyota,avensis,kombi,manuell,benzin,nein,129,125000,2006,4,2016-03-22 00:00:00,2016-03-22 12:57:23,82494,3250
mercedes_benz,viano,bus,automatik,diesel,nein,204,150000,2007,6,2016-03-26 00:00:00,2016-03-29 18:47:25,3253,13500
bmw,3er,limousine,manuell,benzin,nein,170,150000,1999,10,2016-03-15 00:00:00,2016-04-05 18:44:30,80995,4999
volkswagen,tiguan,suv,manuell,benzin,nein,122,40000,2013,1,2016-03-14 00:00:00,2016-04-07 05:46:14,92685,18300
volkswagen,golf,kleinwagen,manuell,benzin,nein,75,150000,2001,1,2016-04-01 00:00:00,2016-04-07 06:46:15,31061,1000
mercedes_benz,sl,cabrio,manuell,benzin,nein,185,150000,1981,6,2016-03-10 00:00:00,2016-04-05 14:45:46,63897,36500
opel,corsa,kleinwagen,manuell,benzin,nein,75,125000,2003,2,2016-03-22 00:00:00,2016-04-06 00:46:36,34369,2700
skoda,roomster,bus,manuell,benzin,nein,69,60000,2007,10,2016-04-02 00:00:00,2016-04-02 21:43:28,52080,4990
bmw,3er,cabrio,manuell,lpg,nein,192,150000,2001,3,2016-03-21 00:00:00,2016-03-21 13:43:24,53111,6800
audi,a5,coupe,automatik,benzin,nein,354,60000,2011,11,2016-03-19 00:00:00,2016-04-07 07:17:35,30159,30900
renault,clio,kleinwagen,manuell,benzin,nein,75,80000,2009,8,2016-03-19 00:00:00,2016-03-22 05:45:22,51143,2999
mercedes_benz,andere,limousine,manuell,benzin,nein,97,150000,1991,6,2016-03-31 00:00:00,2016-04-01 02:41:33,41836,1500
mercedes_benz,sl,cabrio,automatik,benzin,ja,204,150000,1981,3,2016-03-07 00:00:00,2016-03-09 07:46:08,13125,6500
audi,q5,limousine,automatik,diesel,nein,239,125000,2010,10,2016-03-22 00:00:00,2016-04-06 01:44:23,89180,28900
peugeot,2_reihe,kleinwagen,manuell,benzin,nein,136,150000,2004,6,2016-03-24 00:00:00,2016-04-05 12:18:03,24536,1900
volkswagen,kaefer,cabrio,manuell,benzin,nein,44,90000,1973,4,2016-03-27 00:00:00,2016-04-07 06:44:31,16567,4900
audi,a3,kombi,manuell,diesel,nein,140,150000,2010,12,2016-04-04 00:00:00,2016-04-05 12:13:38,65343,10490
audi,a4,kombi,automatik,diesel,nein,239,90000,2011,9,2016-03-08 00:00:00,2016-03-11 11:46:33,4416,28499
volkswagen,passat,limousine,manuell,lpg,nein,102,150000,2003,4,2016-03-06 00:00:00,2016-04-07 02:44:49,27711,3999
peugeot,2_reihe,kleinwagen,manuell,benzin,nein,60,150000,2001,11,2016-03-30 00:00:00,2016-04-07 11:45:57,30419,1350
mazda,6_reihe,limousine,manuell,benzin,nein,105,150000,1994,4,2016-03-05 00:00:00,2016-04-03 17:45:54,30627,600
opel,corsa,kleinwagen,manuell,diesel,ja,70,150000,2005,12,2016-03-07 00:00:00,2016-03-27 10:46:00,34414,800
opel,insignia,kombi,automatik,diesel,nein,160,150000,2015,5,2016-03-05 00:00:00,2016-03-05 16:42:28,57632,11500
mercedes_benz,vito,bus,manuell,diesel,nein,122,150000,2000,9,2016-03-09 00:00:00,2016-04-07 09:16:27,9599,5000
opel,corsa,kleinwagen,manuell,diesel,nein,69,150000,2004,10,2016-03-20 00:00:00,2016-03-28 12:47:17,96271,2400
hyundai,santa,suv,manuell,benzin,nein,145,150000,2004,11,2016-03-14 00:00:00,2016-04-05 12:47:47,26188,4800
volkswagen,fox,kleinwagen,manuell,benzin,nein,60,100000,2011,6,2016-04-01 00:00:00,2016-04-06 03:17:40,4758,3250
audi,a3,kombi,manuell,diesel,nein,170,150000,2006,7,2016-03-26 00:00:00,2016-04-05 21:17:27,82541,11800
mercedes_benz,e_klasse,kombi,automatik,diesel,nein,143,150000,2000,2,2016-03-07 00:00:00,2016-04-07 06:17:05,38518,3500
mercedes_benz,c_klasse,limousine,manuell,diesel,nein,136,150000,2008,10,2016-03-20 00:00:00,2016-04-05 21:16:17,71540,9499
volkswagen,passat,kombi,manuell,benzin,nein,125,150000,1998,3,2016-03-22 00:00:00,2016-04-06 11:16:16,78658,3500
volkswagen,lupo,kleinwagen,manuell,benzin,nein,60,100000,2002,4,2016-04-01 00:00:00,2016-04-07 06:17:30,32549,1999
bmw,5er,kombi,manuell,benzin,nein,150,150000,1998,4,2016-04-05 00:00:00,2016-04-05 12:44:52,38239,1500
mercedes_benz,c_klasse,limousine,automatik,benzin,ja,85,125000,1995,9,2016-03-28 00:00:00,2016-03-28 19:54:32,32547,400
volkswagen,touran,bus,manuell,diesel,nein,105,100000,2011,5,2016-03-11 00:00:00,2016-04-01 22:44:41,66386,12950
hyundai,getz,kleinwagen,manuell,benzin,nein,64,100000,2008,0,2016-03-19 00:00:00,2016-03-21 08:59:43,71254,2150
audi,tt,coupe,manuell,benzin,nein,180,150000,1999,1,2016-03-08 00:00:00,2016-04-06 08:46:01,12307,4999
mercedes_benz,c_klasse,kombi,automatik,benzin,nein,163,125000,2001,3,2016-03-16 00:00:00,2016-03-17 07:47:42,14772,5200
seat,leon,limousine,manuell,benzin,nein,280,125000,2004,8,2016-03-15 00:00:00,2016-04-05 15:15:40,89269,9099
mini,cooper,kleinwagen,manuell,benzin,nein,122,90000,2006,12,2016-03-21 00:00:00,2016-03-23 23:46:37,41466,8200
bmw,3er,coupe,manuell,benzin,ja,193,150000,1995,5,2016-03-29 00:00:00,2016-04-06 21:47:39,44135,2000
volkswagen,golf,kleinwagen,manuell,benzin,nein,75,150000,1997,1,2016-03-08 00:00:00,2016-04-06 06:46:47,16909,750
volkswagen,lupo,kleinwagen,manuell,benzin,nein,60,125000,2001,11,2016-03-07 00:00:00,2016-03-07 17:53:58,23683,1190
opel,zafira,bus,manuell,benzin,nein,101,150000,2000,3,2016-03-31 00:00:00,2016-03-31 23:41:53,98553,1200
mazda,6_reihe,limousine,manuell,benzin,nein,116,90000,2002,6,2016-03-10 00:00:00,2016-04-06 08:15:56,22955,3000
fiat,punto,kleinwagen,manuell,benzin,nein,60,150000,2001,7,2016-03-28 00:00:00,2016-03-28 21:47:37,49610,1150
bmw,5er,limousine,automatik,diesel,nein,231,150000,2006,6,2016-03-05 00:00:00,2016-03-06 03:42:13,47807,13980
ford,c_max,bus,manuell,diesel,nein,136,150000,2006,1,2016-03-29 00:00:00,2016-04-06 22:45:42,59229,6499
mercedes_benz,e_klasse,kombi,automatik,diesel,nein,190,150000,2005,8,2016-03-21 00:00:00,2016-04-02 06:18:08,64347,8850
volkswagen,sharan,bus,manuell,diesel,nein,115,150000,2001,0,2016-03-20 00:00:00,2016-03-27 04:44:28,26603,4000
ford,andere,bus,manuell,diesel,nein,90,150000,2003,10,2016-03-01 00:00:00,2016-03-21 10:45:42,82467,1990
volkswagen,golf,limousine,manuell,diesel,nein,140,150000,2009,2,2016-03-23 00:00:00,2016-04-07 07:15:37,30655,7199
bmw,3er,coupe,manuell,benzin,nein,116,150000,2001,8,2016-03-21 00:00:00,2016-03-24 05:15:42,44359,1999
kia,sportage,suv,manuell,diesel,nein,150,100000,2010,10,2016-03-26 00:00:00,2016-04-05 23:15:51,27729,9990
audi,a4,kombi,manuell,diesel,nein,190,150000,2008,10,2016-03-12 00:00:00,2016-04-06 05:45:18,54317,13800
renault,twingo,kleinwagen,automatik,benzin,nein,75,150000,2003,6,2016-03-29 00:00:00,2016-04-06 07:17:22,24601,2150
volkswagen,caddy,bus,manuell,diesel,nein,90,150000,1998,10,2016-04-02 00:00:00,2016-04-06 19:44:30,53498,2500
bmw,3er,kombi,manuell,diesel,nein,184,125000,2011,4,2016-03-09 00:00:00,2016-04-05 23:45:06,92260,15750
mercedes_benz,c_klasse,kombi,manuell,benzin,nein,122,150000,1997,7,2016-04-01 00:00:00,2016-04-03 09:18:33,17039,750
audi,a8,limousine,automatik,benzin,nein,260,150000,2001,9,2016-03-14 00:00:00,2016-04-07 08:16:16,25926,11800
volkswagen,transporter,bus,manuell,diesel,nein,60,150000,1992,7,2016-03-05 00:00:00,2016-03-10 12:45:24,22301,2700
opel,corsa,kleinwagen,manuell,diesel,nein,69,150000,2006,4,2016-03-23 00:00:00,2016-03-30 18:47:25,42853,1650
volkswagen,golf,kleinwagen,manuell,benzin,nein,75,150000,1997,12,2016-03-08 00:00:00,2016-03-11 19:48:32,49163,999
mercedes_benz,glk,suv,automatik,diesel,nein,224,90000,2009,8,2016-03-24 00:00:00,2016-04-02 22:45:18,71691,21500
audi,a4,limousine,automatik,diesel,nein,179,150000,2007,7,2016-03-31 00:00:00,2016-04-07 04:16:25,83700,11900
chrysler,andere,suv,automatik,benzin,ja,156,90000,2009,6,2016-03-27 00:00:00,2016-04-01 10:44:39,8118,2100
mini,cooper,kleinwagen,manuell,benzin,nein,116,150000,2003,2,2016-04-03 00:00:00,2016-04-07 14:57:06,82054,5350
bmw,3er,limousine,automatik,diesel,nein,177,125000,2009,6,2016-03-20 00:00:00,2016-03-20 11:56:51,47441,6000
mercedes_benz,c_klasse,limousine,automatik,benzin,nein,457,60000,2012,7,2016-03-06 00:00:00,2016-03-21 11:46:17,67657,41900
mercedes_benz,clk,coupe,automatik,benzin,nein,197,150000,2002,5,2016-03-07 00:00:00,2016-03-16 05:48:30,9114,5990
audi,a3,limousine,manuell,diesel,nein,140,150000,2005,11,2016-03-22 00:00:00,2016-04-06 17:15:54,52066,4499
volkswagen,golf,limousine,automatik,diesel,nein,104,150000,2006,12,2016-03-27 00:00:00,2016-04-06 09:45:29,53227,7800
nissan,primera,limousine,manuell,lpg,nein,116,150000,2002,12,2016-03-23 00:00:00,2016-04-01 16:46:42,58730,2900
peugeot,4_reihe,limousine,automatik,diesel,nein,136,150000,2004,11,2016-04-02 00:00:00,2016-04-02 19:38:54,64289,1999
ford,focus,kombi,manuell,diesel,nein,90,150000,1999,3,2016-03-18 00:00:00,2016-04-07 10:17:16,56479,1599
renault,espace,bus,manuell,benzin,nein,107,150000,1994,5,2016-03-22 00:00:00,2016-04-05 21:48:11,86551,750
opel,vectra,limousine,manuell,benzin,nein,116,80000,1991,11,2016-04-04 00:00:00,2016-04-06 08:45:33,25856,1000
kia,sportage,suv,manuell,benzin,nein,140,40000,2009,10,2016-03-26 00:00:00,2016-04-06 02:17:10,67593,10500
mercedes_benz,s_klasse,limousine,manuell,benzin,nein,140,80000,1969,3,2016-03-18 00:00:00,2016-04-05 22:16:44,46286,12000
opel,andere,suv,manuell,benzin,nein,136,150000,1997,11,2016-04-02 00:00:00,2016-04-04 07:17:41,30938,1698
volkswagen,golf,limousine,manuell,diesel,nein,90,150000,2007,9,2016-03-11 00:00:00,2016-03-26 15:16:14,26736,4500
renault,twingo,kleinwagen,manuell,benzin,nein,58,150000,2003,0,2016-04-02 00:00:00,2016-04-02 22:48:13,58339,1480
ford,galaxy,bus,manuell,diesel,nein,131,150000,2008,5,2016-04-01 00:00:00,2016-04-05 09:17:00,44359,8450
mercedes_benz,c_klasse,coupe,manuell,benzin,nein,143,150000,2003,12,2016-03-15 00:00:00,2016-04-06 08:16:04,38640,3700
ford,focus,kombi,automatik,diesel,nein,136,150000,2008,6,2016-03-28 00:00:00,2016-03-31 23:46:20,45355,5000
bmw,3er,coupe,manuell,benzin,nein,409,150000,2007,4,2016-03-28 00:00:00,2016-04-07 01:45:48,84030,21000
mercedes_benz,b_klasse,bus,manuell,benzin,nein,95,90000,2006,4,2016-03-23 00:00:00,2016-04-05 20:46:33,17348,7500
audi,a4,kombi,manuell,benzin,nein,160,90000,2009,2,2016-03-14 00:00:00,2016-03-18 01:45:22,91361,14750
opel,vectra,kombi,automatik,benzin,nein,147,150000,2001,12,2016-03-22 00:00:00,2016-04-07 05:45:04,22399,2250
seat,exeo,kombi,manuell,diesel,nein,120,40000,2012,12,2016-03-10 00:00:00,2016-04-01 02:17:22,57520,15500
bmw,3er,coupe,manuell,benzin,nein,170,150000,1999,9,2016-04-03 00:00:00,2016-04-03 16:54:55,51109,2300
mercedes_benz,s_klasse,limousine,automatik,benzin,nein,306,90000,2002,12,2016-03-26 00:00:00,2016-04-07 03:15:20,50679,12999
mercedes_benz,sl,cabrio,automatik,benzin,nein,231,50000,1996,8,2016-04-02 00:00:00,2016-04-06 23:45:42,53773,24800
volkswagen,transporter,bus,automatik,diesel,nein,131,150000,2006,4,2016-03-25 00:00:00,2016-04-07 08:44:25,63067,7800
peugeot,2_reihe,kleinwagen,manuell,benzin,nein,95,100000,2009,4,2016-03-19 00:00:00,2016-04-07 10:17:49,10717,6200
peugeot,2_reihe,kleinwagen,manuell,diesel,nein,68,100000,2009,9,2016-03-11 00:00:00,2016-03-17 04:17:42,83329,5300
renault,clio,kleinwagen,manuell,benzin,nein,58,90000,1999,12,2016-03-22 00:00:00,2016-04-06 09:17:32,92224,1800
volkswagen,polo,kleinwagen,manuell,benzin,nein,64,150000,2005,7,2016-03-11 00:00:00,2016-04-01 07:15:34,84307,2100
bmw,3er,kombi,manuell,benzin,nein,193,150000,1999,5,2016-03-11 00:00:00,2016-03-17 22:17:52,48157,1700
mercedes_benz,c_klasse,limousine,manuell,benzin,ja,122,150000,1996,5,2016-03-17 00:00:00,2016-04-05 12:21:17,97775,800
mercedes_benz,a_klasse,limousine,manuell,benzin,nein,95,60000,2011,6,2016-04-04 00:00:00,2016-04-07 01:16:42,82296,11850
dacia,logan,kombi,manuell,benzin,ja,75,150000,2007,0,2016-04-02 00:00:00,2016-04-02 23:43:48,93488,890
bmw,5er,kombi,automatik,benzin,nein,193,150000,1998,6,2016-03-28 00:00:00,2016-03-28 16:42:44,88400,750
volkswagen,touran,bus,manuell,diesel,nein,105,150000,2004,4,2016-04-05 00:00:00,2016-04-07 13:16:13,66839,4500
nissan,andere,suv,manuell,benzin,nein,120,150000,1999,2,2016-03-09 00:00:00,2016-04-06 00:15:48,99439,4000
volkswagen,polo,kleinwagen,manuell,benzin,nein,60,150000,1999,2,2016-03-24 00:00:00,2016-03-28 05:16:58,49078,950
seat,ibiza,limousine,manuell,diesel,nein,131,100000,2003,3,2016-03-29 00:00:00,2016-04-03 21:46:55,32312,5950
volkswagen,golf,limousine,manuell,diesel,nein,105,150000,2006,6,2016-03-24 00:00:00,2016-03-24 18:36:16,30457,2650
audi,a4,kombi,manuell,diesel,nein,265,150000,2005,2,2016-03-28 00:00:00,2016-04-07 02:17:44,30900,9500
mini,one,kleinwagen,manuell,benzin,nein,75,40000,2012,11,2016-03-19 00:00:00,2016-03-29 23:16:15,30165,9250
volkswagen,passat,kombi,manuell,benzin,nein,116,150000,1996,10,2016-04-01 00:00:00,2016-04-01 19:55:37,96247,850
mercedes_benz,e_klasse,limousine,automatik,diesel,nein,116,30000,2002,2,2016-03-11 00:00:00,2016-04-01 13:17:04,13357,2990
mercedes_benz,c_klasse,limousine,manuell,diesel,nein,170,90000,2010,11,2016-03-31 00:00:00,2016-04-06 18:18:01,22159,16000
volkswagen,golf,kleinwagen,manuell,benzin,ja,54,125000,1992,4,2016-03-31 00:00:00,2016-04-06 06:44:51,16321,499
bmw,5er,limousine,manuell,benzin,nein,170,150000,1999,9,2016-03-30 00:00:00,2016-04-07 08:17:04,94533,2500
volkswagen,golf,limousine,manuell,benzin,nein,75,150000,2004,11,2016-03-15 00:00:00,2016-04-06 19:18:08,36266,3499
mercedes_benz,a_klasse,limousine,automatik,benzin,nein,102,150000,2003,6,2016-03-23 00:00:00,2016-04-05 20:47:05,20539,1699
renault,clio,kleinwagen,manuell,benzin,nein,75,150000,2006,1,2016-03-28 00:00:00,2016-04-05 12:45:47,30159,2400
mercedes_benz,c_klasse,limousine,automatik,benzin,nein,122,150000,2000,10,2016-03-24 00:00:00,2016-04-07 01:46:57,13051,2999
bmw,5er,limousine,automatik,benzin,nein,333,150000,2005,8,2016-03-27 00:00:00,2016-03-29 10:17:51,83349,13800
ford,fiesta,kleinwagen,manuell,benzin,nein,88,100000,2007,3,2016-03-15 00:00:00,2016-03-25 21:16:25,66954,3450
smart,fortwo,coupe,automatik,benzin,nein,71,40000,2013,2,2016-04-04 00:00:00,2016-04-07 00:44:52,42697,7500
skoda,octavia,kombi,manuell,diesel,nein,105,80000,2012,3,2016-03-05 00:00:00,2016-04-07 03:16:11,95183,11000
nissan,micra,kleinwagen,manuell,benzin,nein,65,150000,2004,1,2016-03-26 00:00:00,2016-03-26 11:41:07,10555,2100
volkswagen,passat,kombi,manuell,diesel,nein,131,150000,2002,3,2016-04-01 00:00:00,2016-04-07 06:15:21,26655,3999
volkswagen,eos,cabrio,manuell,benzin,nein,150,80000,2008,4,2016-03-15 00:00:00,2016-03-17 02:45:31,79664,13900
bmw,3er,coupe,manuell,benzin,nein,105,150000,1995,11,2016-03-18 00:00:00,2016-04-05 22:47:01,57250,550
volkswagen,golf,kleinwagen,manuell,benzin,nein,75,125000,2000,4,2016-04-01 00:00:00,2016-04-01 13:38:56,21629,3200
volkswagen,scirocco,coupe,manuell,benzin,nein,122,80000,2010,6,2016-03-09 00:00:00,2016-04-05 23:46:23,95666,11540
peugeot,2_reihe,cabrio,manuell,benzin,nein,120,30000,2012,5,2016-03-23 00:00:00,2016-04-05 22:15:29,46244,13199
mercedes_benz,clk,cabrio,automatik,benzin,nein,163,40000,2001,6,2016-03-10 00:00:00,2016-04-05 11:49:37,41539,12790
mercedes_benz,c_klasse,limousine,manuell,benzin,nein,122,150000,1995,0,2016-04-03 00:00:00,2016-04-05 12:18:15,54518,600
ford,mondeo,kombi,manuell,benzin,nein,125,150000,2001,4,2016-03-27 00:00:00,2016-03-31 05:47:28,34260,2500
volkswagen,golf,kombi,manuell,benzin,nein,86,20000,2015,4,2016-03-10 00:00:00,2016-03-21 14:45:19,87488,13750
opel,corsa,kleinwagen,manuell,diesel,nein,75,80000,2013,3,2016-03-24 00:00:00,2016-03-24 23:43:50,33378,8200
ford,c_max,bus,manuell,diesel,nein,110,150000,2004,10,2016-03-22 00:00:00,2016-03-23 20:15:39,46397,3000
mercedes_benz,c_klasse,limousine,automatik,diesel,nein,170,100000,2013,2,2016-03-21 00:00:00,2016-04-06 09:46:47,56727,21999
audi,a6,kombi,automatik,diesel,nein,239,80000,2011,2,2016-04-01 00:00:00,2016-04-06 04:16:23,67435,24999
audi,a4,kombi,manuell,benzin,nein,150,150000,1999,12,2016-03-10 00:00:00,2016-03-17 05:17:28,56841,2350
volkswagen,transporter,bus,manuell,diesel,nein,114,40000,2012,8,2016-04-02 00:00:00,2016-04-07 03:45:44,13467,28300
volkswagen,golf,kombi,manuell,diesel,nein,105,50000,2012,2,2016-04-04 00:00:00,2016-04-06 20:44:50,21224,14900
audi,a3,limousine,manuell,diesel,nein,140,80000,2010,1,2016-03-08 00:00:00,2016-03-11 11:15:54,34596,12800
hyundai,getz,kleinwagen,manuell,benzin,nein,63,125000,2004,11,2016-03-22 00:00:00,2016-04-07 12:16:23,60433,1800
